Project,Customer
ABSURD BALL,Wonka Industries
ABSURD BALL,Wonka Industries
VERUCA SALT,Wonka Industries
VERUCA SALT,Wonka Industries
VERUCA SALT,Wonka Industries
VERUCA SALT,Wonka Industries
VERUCA SALT,Wonka Industries
VERUCA SALT,Wonka Industries
VERUCA SALT,Wonka Industries
VERUCA SALT,Wonka Industries
VERUCA SALT,Wonka Industries
VERUCA SALT,Wonka Industries
CEASELESS CHOCOLATE,Wonka Industries
WRONG FURNITURE,Acme Corp
WRONG FURNITURE,Acme Corp
WRONG FURNITURE,Acme Corp
WRONG FURNITURE,Acme Corp
ABORIGINAL TURN,Acme Corp
ABORIGINAL TURN,Acme Corp
NOISY LAMP,Acme Corp
NOISY LAMP,Acme Corp
NOISY LAMP,Acme Corp
NOISY LAMP,Acme Corp
NOISY LAMP,Acme Corp
FEARLESS FOOD,Acme Corp
FEARLESS FOOD,Acme Corp
FEARLESS FOOD,Acme Corp
FEARLESS FOOD,Acme Corp
DIFFERENT IRON MAN,Stark Industries
DIFFERENT IRON MAN,Stark Industries
DIFFERENT IRON MAN,Stark Industries
DIFFERENT IRON MAN,Stark Industries
DIFFERENT IRON MAN,Stark Industries
DIFFERENT IRON MAN,Stark Industries
DIFFERENT IRON MAN,Stark Industries
DIFFERENT IRON MAN,Stark Industries
PEPPER POT,Stark Industries
PEPPER POT,Stark Industries
PEPPER POT,Stark Industries
PEPPER POT,Stark Industries
PEPPER POT,Stark Industries
PEPPER POT,Stark Industries
HERMIONE TEMPER,Olivander's Wand Shop
HERMIONE TEMPER,Olivander's Wand Shop
HERMIONE TEMPER,Olivander's Wand Shop
UNRULY RON,Olivander's Wand Shop
UNRULY RON,Olivander's Wand Shop
UNRULY RON,Olivander's Wand Shop
PERFECT HARRY,Olivander's Wand Shop
PERFECT HARRY,Olivander's Wand Shop
PERFECT HARRY,Olivander's Wand Shop
PERFECT HARRY,Olivander's Wand Shop
PERFECT HARRY,Olivander's Wand Shop
RAPID DAUGHTER,Gekko and Co
RAPID DAUGHTER,Gekko and Co
RAPID DAUGHTER,Gekko and Co
RAPID DAUGHTER,Gekko and Co
RAPID DAUGHTER,Gekko and Co
RAPID DAUGHTER,Gekko and Co
DANDY TABLE,Gekko and Co
DANDY TABLE,Gekko and Co
DANDY TABLE,Gekko and Co
DANDY TABLE,Gekko and Co
DANDY TABLE,Gekko and Co
DANDY TABLE,Gekko and Co
DANDY TABLE,Gekko and Co
GREEDY THREAD,Gekko and Co
GREEDY THREAD,Gekko and Co
GREEDY THREAD,Gekko and Co
GREEDY THREAD,Gekko and Co
GREEDY THREAD,Gekko and Co
GREEDY THREAD,Gekko and Co
DEVOUT BAT,Wayne Enterprises
DEVOUT BAT,Wayne Enterprises
DEVOUT BAT,Wayne Enterprises
DEVOUT BAT,Wayne Enterprises
DEVOUT BAT,Wayne Enterprises
DEVOUT BAT,Wayne Enterprises
DEVOUT BAT,Wayne Enterprises
DEVOUT BAT,Wayne Enterprises
BRIEF AIR,Wayne Enterprises
BRIEF AIR,Wayne Enterprises
BRIEF AIR,Wayne Enterprises
PIQUANT CAPE,Wayne Enterprises
PIQUANT CAPE,Wayne Enterprises
OPEN DESK,Cyberdyne Systems
PSYCHEDELIC TERMINATOR,Cyberdyne Systems
PSYCHEDELIC TERMINATOR,Cyberdyne Systems
PSYCHEDELIC TERMINATOR,Cyberdyne Systems
PSYCHEDELIC TERMINATOR,Cyberdyne Systems
PSYCHEDELIC TERMINATOR,Cyberdyne Systems
PSYCHEDELIC TERMINATOR,Cyberdyne Systems
PSYCHEDELIC TERMINATOR,Cyberdyne Systems
DIREFUL PEAR,Cyberdyne Systems
PEPPY MATCH,Cyberdyne Systems
PEPPY MATCH,Cyberdyne Systems
PEPPY MATCH,Cyberdyne Systems
ALIVE DRINKS,Cheers
ALIVE DRINKS,Cheers
BRASH COSANOSTRA,Genco Pura Olive Oil Co.
BRASH COSANOSTRA,Genco Pura Olive Oil Co.
BRASH COSANOSTRA,Genco Pura Olive Oil Co.
BRASH COSANOSTRA,Genco Pura Olive Oil Co.
BRASH COSANOSTRA,Genco Pura Olive Oil Co.
BRASH COSANOSTRA,Genco Pura Olive Oil Co.
BRASH COSANOSTRA,Genco Pura Olive Oil Co.
BRASH COSANOSTRA,Genco Pura Olive Oil Co.
PERFECT FRIEND,Genco Pura Olive Oil Co.
PERFECT FRIEND,Genco Pura Olive Oil Co.
PERFECT FRIEND,Genco Pura Olive Oil Co.
PERFECT FRIEND,Genco Pura Olive Oil Co.
PERFECT FRIEND,Genco Pura Olive Oil Co.
PERFECT FRIEND,Genco Pura Olive Oil Co.
WILLING CITIZEN,New York Daily Inquirer
WILLING CITIZEN,New York Daily Inquirer
WILLING CITIZEN,New York Daily Inquirer
WILLING CITIZEN,New York Daily Inquirer
WILLING CITIZEN,New York Daily Inquirer
WINGED PLATE,New York Daily Inquirer
TASTY PIGS,Duff Beer
TASTY PIGS,Duff Beer
TASTY PIGS,Duff Beer
LOWLY SIMPSON,Duff Beer
LOWLY SIMPSON,Duff Beer
LOWLY SIMPSON,Duff Beer
LOWLY SIMPSON,Duff Beer
LOWLY SIMPSON,Duff Beer
LOWLY SIMPSON,Duff Beer
LIVING MOE,Duff Beer
LIVING MOE,Duff Beer
LIVING MOE,Duff Beer
LIVING MOE,Duff Beer
FEEBLE PINGPONG,Bubba Gump Shrimp Co.
FEEBLE PINGPONG,Bubba Gump Shrimp Co.
FEEBLE PINGPONG,Bubba Gump Shrimp Co.
FEEBLE PINGPONG,Bubba Gump Shrimp Co.
CHUNKY KETTLE,Bubba Gump Shrimp Co.
CHUNKY KETTLE,Bubba Gump Shrimp Co.
CHUNKY KETTLE,Bubba Gump Shrimp Co.
CHUNKY KETTLE,Bubba Gump Shrimp Co.
SECOND MEETING,Krusty Krab
SECOND MEETING,Krusty Krab
SECOND MEETING,Krusty Krab
SECOND MEETING,Krusty Krab
GROOVY SPONGE,Krusty Krab
CHEMICAL BRIDGE,Krusty Krab
CHEMICAL BRIDGE,Krusty Krab
CHEMICAL BRIDGE,Krusty Krab
CHEMICAL BRIDGE,Krusty Krab
UTTERMOST STRAW,Sterling Cooper
UTTERMOST STRAW,Sterling Cooper
UTTERMOST STRAW,Sterling Cooper
UTTERMOST STRAW,Sterling Cooper
MAD MEN,Sterling Cooper
MAD MEN,Sterling Cooper
MAD MEN,Sterling Cooper
MAD MEN,Sterling Cooper
MAD MEN,Sterling Cooper
RAINY MISOGONY,Sterling Cooper
RAINY MISOGONY,Sterling Cooper
RAINY MISOGONY,Sterling Cooper
RAINY MISOGONY,Sterling Cooper
RAINY MISOGONY,Sterling Cooper
RAINY MISOGONY,Sterling Cooper
RAINY MISOGONY,Sterling Cooper
VOICELESS DRAPER,Sterling Cooper
VOICELESS DRAPER,Sterling Cooper
VOICELESS DRAPER,Sterling Cooper
VOICELESS DRAPER,Sterling Cooper
VOICELESS DRAPER,Sterling Cooper
VOICELESS DRAPER,Sterling Cooper
VOICELESS DRAPER,Sterling Cooper
VOICELESS DRAPER,Sterling Cooper
OPTIMAL SACK,Sterling Cooper
OPTIMAL SACK,Sterling Cooper
OPTIMAL SACK,Sterling Cooper
OPTIMAL SACK,Sterling Cooper
OPTIMAL SACK,Sterling Cooper
OPTIMAL SACK,Sterling Cooper
UNDESIRABLE PROFIT,Sterling Cooper
UNDESIRABLE PROFIT,Sterling Cooper
UNDESIRABLE PROFIT,Sterling Cooper
VALUABLE MICE,Sterling Cooper
DIFFERENT GREEN TANK,Soylent
DIFFERENT GREEN TANK,Soylent
DIFFERENT GREEN TANK,Soylent
DIFFERENT GREEN TANK,Soylent
DIFFERENT GREEN TANK,Soylent
DIFFERENT GREEN TANK,Soylent
DIFFERENT GREEN TANK,Soylent
WHIMSICAL CHESS,Hooli
WHIMSICAL CHESS,Hooli
WHIMSICAL CHESS,Hooli
FUNNY VALLEY,Hooli
FIERCE SILICON,Hooli
FIERCE SILICON,Hooli
FIERCE SILICON,Hooli
FIERCE SILICON,Hooli
FIERCE SILICON,Hooli
FIERCE SILICON,Hooli
FAITHFUL MICE,Hooli
CEASELESS MORNING,Hooli
CEASELESS MORNING,Hooli
CEASELESS MORNING,Hooli
MOONLIT COMPANY,Good Burger
MOONLIT COMPANY,Good Burger
MOONLIT COMPANY,Good Burger
URBANE KITTENS,Good Burger
SHUT COIL,Good Burger
SHUT COIL,Good Burger
SHUT COIL,Good Burger
SHUT COIL,Good Burger
LIMITLESS COFFEE,Glenngarry Glenn Ross
LIMITLESS COFFEE,Glenngarry Glenn Ross
LIMITLESS COFFEE,Glenngarry Glenn Ross
LIMITLESS COFFEE,Glenngarry Glenn Ross
LIMITLESS COFFEE,Glenngarry Glenn Ross
LIMITLESS COFFEE,Glenngarry Glenn Ross
GRIEVING PAIL,Glenngarry Glenn Ross
GRIEVING PAIL,Glenngarry Glenn Ross
GRIEVING PAIL,Glenngarry Glenn Ross
GRIEVING PAIL,Glenngarry Glenn Ross
GRIEVING PAIL,Glenngarry Glenn Ross
MINDLESS CLOSER,Glenngarry Glenn Ross
MINDLESS CLOSER,Glenngarry Glenn Ross
MINDLESS CLOSER,Glenngarry Glenn Ross
MINDLESS CLOSER,Glenngarry Glenn Ross
FLAWLESS DISTANCE,Glenngarry Glenn Ross
FLAWLESS DISTANCE,Glenngarry Glenn Ross
BETTER REGRET,Glenngarry Glenn Ross
CAPRICIOUS SALESMEN,Glenngarry Glenn Ross
CAPRICIOUS SALESMEN,Glenngarry Glenn Ross
CAPRICIOUS SALESMEN,Glenngarry Glenn Ross
SUPREME STREAM,Glenngarry Glenn Ross
MELODIC TEAM,Glenngarry Glenn Ross
WRY BEAD,Glenngarry Glenn Ross
BECAUSE I DON'T LIKE YOU,Glenngarry Glenn Ross
BECAUSE I DON'T LIKE YOU,Glenngarry Glenn Ross
BECAUSE I DON'T LIKE YOU,Glenngarry Glenn Ross
BECAUSE I DON'T LIKE YOU,Glenngarry Glenn Ross
BECAUSE I DON'T LIKE YOU,Glenngarry Glenn Ross
BECAUSE I DON'T LIKE YOU,Glenngarry Glenn Ross
BECAUSE I DON'T LIKE YOU,Glenngarry Glenn Ross
BECAUSE I DON'T LIKE YOU,Glenngarry Glenn Ross
BECAUSE I DON'T LIKE YOU,Glenngarry Glenn Ross
BECAUSE I DON'T LIKE YOU,Glenngarry Glenn Ross
BECAUSE I DON'T LIKE YOU,Glenngarry Glenn Ross
BECAUSE I DON'T LIKE YOU,Glenngarry Glenn Ross
BECAUSE I DON'T LIKE YOU,Glenngarry Glenn Ross
BECAUSE I DON'T LIKE YOU,Glenngarry Glenn Ross
BECAUSE I DON'T LIKE YOU,Glenngarry Glenn Ross
BECAUSE I DON'T LIKE YOU,Glenngarry Glenn Ross
BECAUSE I DON'T LIKE YOU,Glenngarry Glenn Ross
BECAUSE I DON'T LIKE YOU,Glenngarry Glenn Ross
BECAUSE I DON'T LIKE YOU,Glenngarry Glenn Ross
BECAUSE I DON'T LIKE YOU,Glenngarry Glenn Ross
BECAUSE I DON'T LIKE YOU,Glenngarry Glenn Ross
BECAUSE I DON'T LIKE YOU,Glenngarry Glenn Ross
BECAUSE I DON'T LIKE YOU,Glenngarry Glenn Ross
BECAUSE I DON'T LIKE YOU,Glenngarry Glenn Ross